variable,coeficiente,odds_ratio
num__edad,-0.5964,0.5508
ord__fami_estratovivienda,0.0968,1.1016
ord__fami_educacionmadre,0.3026,1.3534
ord__fami_educacionpadre,0.274,1.3152
ord__fami_personashogar,-0.0536,0.9478
ord__fami_cuartoshogar,-0.0657,0.9364
ord__missingindicator_fami_estratovivienda,-0.0298,0.9706
ord__missingindicator_fami_educacionmadre,0.0624,1.0644
ord__missingindicator_fami_educacionpadre,0.0848,1.0885
ord__missingindicator_fami_personashogar,0.156,1.1689
ord__missingindicator_fami_cuartoshogar,-0.187,0.8294
nom__estu_genero_F,-0.2972,0.7429
nom__estu_genero_M,0.2748,1.3162
nom__fami_tieneinternet_DESCONOCIDO,-0.2382,0.7881
nom__fami_tieneinternet_No,-0.1349,0.8738
nom__fami_tieneinternet_Si,0.3506,1.4199
nom__fami_tienecomputador_DESCONOCIDO,0.3618,1.4359
nom__fami_tienecomputador_No,-0.3954,0.6734
nom__fami_tienecomputador_Si,0.0112,1.0112
nom__fami_tieneautomovil_DESCONOCIDO,-0.1944,0.8233
nom__fami_tieneautomovil_No,0.0248,1.0251
nom__fami_tieneautomovil_Si,0.1472,1.1585
nom__fami_tienelavadora_DESCONOCIDO,0.0712,1.0738
nom__fami_tienelavadora_No,-0.1214,0.8857
nom__fami_tienelavadora_Si,0.0278,1.0282
nom__cole_naturaleza_NO OFICIAL,0.1399,1.1502
nom__cole_naturaleza_OFICIAL,-0.1624,0.8501
nom__cole_jornada_COMPLETA,0.6928,1.9992
nom__cole_jornada_MAÑANA,0.2598,1.2967
nom__cole_jornada_NOCHE,-0.7231,0.4853
nom__cole_jornada_SABATINA,-0.8418,0.4309
nom__cole_jornada_TARDE,0.2302,1.2588
nom__cole_jornada_UNICA,0.3597,1.4329
nom__cole_area_ubicacion_RURAL,-0.1699,0.8438
nom__cole_area_ubicacion_URBANO,0.1474,1.1588
nom__cole_bilingue_DESCONOCIDO,-0.1385,0.8706
nom__cole_bilingue_N,0.3845,1.4689
nom__cole_bilingue_S,-0.2684,0.7646
nom__cole_caracter_ACADÉMICO,-0.0047,0.9953
nom__cole_caracter_DESCONOCIDO,-0.2569,0.7734
nom__cole_caracter_NO APLICA,-0.2279,0.7962
nom__cole_caracter_TÉCNICO,0.4702,1.6003
nom__cole_caracter_TÉCNICO/ACADÉMICO,-0.0031,0.9969
nom__cole_genero_FEMENINO,0.1101,1.1164
nom__cole_genero_MASCULINO,0.1626,1.1766
nom__cole_genero_MIXTO,-0.2952,0.7444
nom__cole_sede_principal_N,-0.0628,0.9392
nom__cole_sede_principal_S,0.0403,1.0412
nom__cole_valle_aburra_No,-0.1028,0.9023
nom__cole_valle_aburra_Sí,0.0804,1.0837
