grupo,municipio,estudiantes,puntaje_medio,tasa_alto_pct
Mayor tasa,ENVIGADO,2109,282.5,40.07
Mayor tasa,SABANETA,797,278.1,36.14
Mayor tasa,LA ESTRELLA,748,271.0,32.62
Mayor tasa,LA CEJA,673,268.7,27.49
Mayor tasa,MARINILLA,772,262.2,26.68
Mayor tasa,RIONEGRO,1577,263.8,26.38
Mayor tasa,EL CARMEN DE VIBORAL,696,266.8,26.15
Mayor tasa,COPACABANA,981,263.8,25.99
Mayor tasa,SANTA ROSA DE OSOS,523,261.3,25.62
Mayor tasa,ITAGÜÍ,2864,261.6,24.2
Menor tasa,ANORÍ,447,192.3,1.34
Menor tasa,REMEDIOS,371,209.1,2.43
Menor tasa,NECOCLÍ,778,209.1,2.7
Menor tasa,ZARAGOZA,359,205.0,2.79
Menor tasa,CÁCERES,335,212.3,3.58
Menor tasa,EL BAGRE,766,214.6,3.66
Menor tasa,ARBOLETES,481,213.0,3.74
Menor tasa,TURBO,1825,214.5,4.16
Menor tasa,SEGOVIA,367,215.8,4.63
Menor tasa,SAN PEDRO DE URABÁ,447,224.4,4.92
