variable,pct_nulos,metodo
cole_bilingue,16.39,Categoría explícita 'DESCONOCIDO' (pipeline)
fami_educacionpadre,15.88,Mediana del código ordinal + indicador de faltante (pipeline)
fami_educacionmadre,8.36,Mediana del código ordinal + indicador de faltante (pipeline)
fami_estratovivienda,6.52,Mediana del código ordinal + indicador de faltante (pipeline)
fami_tieneinternet,5.88,Categoría explícita 'DESCONOCIDO' (pipeline)
fami_tieneautomovil,4.98,Categoría explícita 'DESCONOCIDO' (pipeline)
fami_tienelavadora,4.73,Categoría explícita 'DESCONOCIDO' (pipeline)
fami_tienecomputador,4.72,Categoría explícita 'DESCONOCIDO' (pipeline)
fami_cuartoshogar,4.71,Mediana del código ordinal + indicador de faltante (pipeline)
fami_personashogar,4.56,Mediana del código ordinal + indicador de faltante (pipeline)
cole_caracter,3.27,Categoría explícita 'DESCONOCIDO' (pipeline)
edad,1.56,Mediana (SimpleImputer dentro del pipeline)
estu_genero,0.0,Categoría explícita 'DESCONOCIDO' (pipeline)
cole_jornada,0.0,Categoría explícita 'DESCONOCIDO' (pipeline)
cole_naturaleza,0.0,Categoría explícita 'DESCONOCIDO' (pipeline)
cole_area_ubicacion,0.0,Categoría explícita 'DESCONOCIDO' (pipeline)
cole_genero,0.0,Categoría explícita 'DESCONOCIDO' (pipeline)
cole_sede_principal,0.0,Categoría explícita 'DESCONOCIDO' (pipeline)
cole_valle_aburra,0.0,Categoría explícita 'DESCONOCIDO' (pipeline)
