variable,v_cramer,p_chi2,informacion_mutua,spearman_punt_global
fami_educacionmadre,0.3029,0.0,0.0429,0.3734
fami_educacionpadre,0.2898,0.0,0.0376,0.3504
edad,0.2039,0.0,0.0276,-0.3016
fami_tienecomputador,0.2143,0.0,0.0256,
fami_estratovivienda,0.2324,0.0,0.0255,0.245
cole_jornada,0.1939,0.0,0.0238,
fami_tieneinternet,0.1788,0.0,0.0194,
cole_naturaleza,0.197,0.0,0.0172,
fami_tieneautomovil,0.1827,0.0,0.0151,
cole_valle_aburra,0.1407,0.0,0.0104,
fami_tienelavadora,0.1169,0.0,0.008,
cole_genero,0.1298,0.0,0.0065,
cole_area_ubicacion,0.096,0.0,0.0052,
fami_personashogar,0.092,0.0,0.0046,-0.0937
cole_bilingue,0.0867,0.0,0.0042,
cole_caracter,0.0846,0.0,0.0039,
fami_cuartoshogar,0.0777,0.0,0.0033,0.0267
estu_genero,0.0804,0.0,0.0032,
cole_sede_principal,0.0547,0.0,0.0018,
