variable,importancia,desviacion
edad,0.029607518720382354,0.003361060607026306
cole_jornada,0.02792176964820604,0.00926785403269013
fami_educacionpadre,0.0174979280778506,0.003151770347269259
fami_educacionmadre,0.016930371522726462,0.004041478874512299
estu_genero,0.010425843496288357,0.004989490032505991
fami_tienecomputador,0.008422332610524507,0.002917516962273197
cole_naturaleza,0.008123921865606176,0.0011184095924523854
cole_valle_aburra,0.006679417073982397,0.0030079867823736817
fami_estratovivienda,0.005715513147183227,0.001337238554129858
fami_cuartoshogar,0.0056334284108450535,0.002946347685301858
fami_personashogar,0.0045667716163510395,0.001985600348601977
fami_tieneinternet,0.003926004583508902,0.0039040955870118417
cole_genero,0.0024484799208213557,0.0009564305827219146
cole_caracter,0.002423345872167326,0.002752989819476281
cole_sede_principal,0.0006823170909919685,0.0006588485236338456
fami_tieneautomovil,7.908046344858865e-05,0.0009885785750108297
cole_area_ubicacion,-0.00013131808363466834,0.002056870757284811
fami_tienelavadora,-0.0002971122101194434,0.0007135689174125148
cole_bilingue,-0.0013791883540503647,0.0011940589762838686
